Clase,Media de AOD
0,0.15534645
1,0.28369132
2,0.18770841
3,0.1924856
7,0.18912473
9,0.19062646
10,0.27930495
11,0.2848988
12,0.2504506
13,0.2492455
