Clase,Media de AOD
0,
1,0.25768614
2,0.17191742
3,0.17455825
7,0.20788091
8,0.023795767
9,0.18369105
10,0.27115762
11,0.24177364
12,0.23147461
13,0.21106848
