Clase,Media de AOD
0,121.97137
1,248.77397
2,148.18129
3,150.33177
7,170.51944
9,156.76437
10,226.75055
11,255.25809
12,224.1063
13,201.87546
